{"cameraMode":{"drawMode":0,"name":"Shaded","section":"Shading Mode"},"sceneLighting":false,"audioPlay":false,"sceneViewState":{"m_AlwaysRefresh":false,"showFog":false,"showSkybox":false,"showFlares":false,"showImageEffects":false,"showParticleSystems":false,"showVisualEffectGraphs":true,"m_FxEnabled":true},"in2DMode":false,"pivot":{"x":-0.00027073919773101807,"y":0.008215492591261864,"z":-0.0005551637150347233},"rotation":{"x":0.01597393862903118,"y":-0.9840026497840881,"z":0.1204557791352272,"w":0.13038448989391328},"size":0.01224873960018158,"orthographic":false}